-- 心电图情报分析系统 - 全表联动测试数据（5条主业务样本）
-- 适用环境：MySQL 5.7+
-- 设计目标：
-- 1) 覆盖 init.sql 中全部业务表（19张）
-- 2) 以 5 位患者为主线，构造真实可验证的全链路数据
-- 3) 保证冗余字段、状态字段、业务ID的一致性
-- 4) 提供详细注释，便于联调与测试断言

USE `ecg_intelligence_analysis_system`;
SET NAMES utf8mb4;
SET FOREIGN_KEY_CHECKS = 0;
START TRANSACTION;

-- ============================================================================
-- 一、清理旧数据（按“先业务后基础”的顺序，便于重复执行）
-- ============================================================================
TRUNCATE TABLE `ecg_statistics_result`;
TRUNCATE TABLE `ecg_real_time_monitor`;
TRUNCATE TABLE `ecg_abnormal_warning`;
TRUNCATE TABLE `ecg_diagnosis_report`;
TRUNCATE TABLE `ecg_ai_diagnosis`;
TRUNCATE TABLE `ecg_collection_record`;
TRUNCATE TABLE `ecg_device_quality_control`;
TRUNCATE TABLE `ecg_device_maintain_record`;
TRUNCATE TABLE `patient_follow_up_record`;
TRUNCATE TABLE `patient_info`;
TRUNCATE TABLE `sys_bed`;
TRUNCATE TABLE `sys_room`;
TRUNCATE TABLE `sys_ward`;
TRUNCATE TABLE `ecg_device`;
TRUNCATE TABLE `sys_operation_log`;
TRUNCATE TABLE `sys_user`;
TRUNCATE TABLE `sys_department`;
TRUNCATE TABLE `sys_role_permission`;
TRUNCATE TABLE `sys_role`;

-- ============================================================================
-- 二、系统权限域基础数据
-- ============================================================================

-- 2.1 系统角色表（5条）
-- 与 sys_user.role_id / role_name 保持一致
INSERT INTO `sys_role`
(`role_id`, `role_name`, `description`, `user_count`, `status`, `is_deleted`)
VALUES
(1001, '系统管理员', '负责系统参数、账号与权限全局管理', 1, 1, 0),
(1002, '心内科主任', '负责诊断报告终审与疑难会诊', 1, 1, 0),
(1003, '心内科医生', '负责心电解读、报告编写', 1, 1, 0),
(1004, '心内科护士', '负责床旁采集与患者监测', 1, 1, 0),
(1005, '设备工程师', '负责设备维护、质控与巡检', 1, 1, 0);

-- 2.2 角色权限关联表（5条）
-- 一条角色至少一条关键权限，便于权限校验联调
INSERT INTO `sys_role_permission`
(`id`, `role_id`, `permission_code`, `permission_name`, `is_deleted`)
VALUES
(1101, 1001, 'system:all', '系统全权限', 0),
(1102, 1002, 'report:audit', '审核诊断报告', 0),
(1103, 1003, 'diagnosis:write', '编写诊断结论', 0),
(1104, 1004, 'ecg:collect', '执行心电采集', 0),
(1105, 1005, 'device:maintain', '设备维护与质控', 0);

-- 2.3 科室病区字典表（5条）
-- dept_type: 1-科室 2-病区 3-居家站点
-- parent_id/parent_name 形成层级结构
INSERT INTO `sys_department`
(`dept_id`, `parent_id`, `parent_name`, `dept_name`, `dept_code`, `dept_type`, `sort`, `status`, `is_deleted`)
VALUES
(1201, NULL, NULL, '心血管内科', 'DEPT_CARDIO', 1, 1, 1, 0),
(1202, 1201, '心血管内科', '心血管内科一病区', 'WARD_CARDIO_01', 2, 1, 1, 0),
(1203, 1201, '心血管内科', '心血管内科二病区', 'WARD_CARDIO_02', 2, 2, 1, 0),
(1204, NULL, NULL, '居家心电管理中心', 'DEPT_HOME_ECG', 1, 2, 1, 0),
(1205, 1204, '居家心电管理中心', '居家监护一站', 'STATION_HOME_01', 3, 1, 1, 0);

-- 2.4 系统用户表（5条）
-- role_id/role_name 与 sys_role 对齐
-- dept_id/dept_name 与 sys_department 对齐
INSERT INTO `sys_user`
(`user_id`, `user_name`, `real_name`, `password`, `role_id`, `role_name`, `dept_id`, `dept_name`, `phone`, `email`, `status`, `create_user_id`, `is_deleted`)
VALUES
(1301, 'admin', '超级管理员', '$2a$10$adminHashValueForDemoOnly', 1001, '系统管理员', NULL, NULL, '13800000001', 'admin@hospital.local', 1, NULL, 0),
(1302, 'sun_qing', '孙主任', '$2a$10$directorHashValueForDemo', 1002, '心内科主任', 1201, '心血管内科', '13800000002', 'sun.qing@hospital.local', 1, 1301, 0),
(1303, 'chen_xin', '陈医生', '$2a$10$doctorHashValueForDemo', 1003, '心内科医生', 1202, '心血管内科一病区', '13800000003', 'chen.xin@hospital.local', 1, 1301, 0),
(1304, 'wang_yue', '王护士', '$2a$10$nurseHashValueForDemo', 1004, '心内科护士', 1202, '心血管内科一病区', '13800000004', 'wang.yue@hospital.local', 1, 1301, 0),
(1305, 'wu_peng', '吴工程师', '$2a$10$engineerHashValueForDemo', 1005, '设备工程师', 1201, '心血管内科', '13800000005', 'wu.peng@hospital.local', 1, 1301, 0);

-- 2.5 系统操作日志表（5条）
-- real_name 与 user_id 对应用户姓名保持一致（冗余快照）
INSERT INTO `sys_operation_log`
(`log_id`, `user_id`, `real_name`, `module`, `operation_type`, `operation_content`, `request_ip`, `operation_time`, `is_deleted`)
VALUES
(1401, 1304, '王护士', '心电数据管理', '新增', '创建采集记录 ECG20260418001', '10.10.10.21', '2026-04-18 08:12:00', 0),
(1402, 1303, '陈医生', 'AI诊断中心', '查看', '查看 AI 诊断 DIAG20260418003', '10.10.10.31', '2026-04-18 09:05:00', 0),
(1403, 1303, '陈医生', '诊断报告管理', '新增', '生成报告 REP20260418003', '10.10.10.31', '2026-04-18 09:22:00', 0),
(1404, 1302, '孙主任', '诊断报告管理', '审核', '审核报告 REP20260418004，结果：驳回', '10.10.10.11', '2026-04-18 10:40:00', 0),
(1405, 1305, '吴工程师', '设备管理', '修改', '更新设备 DEV-ICU-MON-001 质控结果', '10.10.10.41', '2026-04-18 11:10:00', 0);

-- ============================================================================
-- 三、病区-房间-床位层级数据
-- ============================================================================

-- 3.1 病区表（5条）
-- dept_id 指向科室层（sys_department.dept_type=1）
INSERT INTO `sys_ward`
(`ward_id`, `ward_name`, `ward_code`, `dept_id`, `dept_name`, `floor`, `sort_num`, `status`, `is_deleted`)
VALUES
(1501, '心内一病区', 'WARD_CV_01', 1201, '心血管内科', '4F', 1, 1, 0),
(1502, '心内二病区', 'WARD_CV_02', 1201, '心血管内科', '5F', 2, 1, 0),
(1503, '冠心监护病区', 'WARD_CCU_01', 1201, '心血管内科', '6F', 3, 1, 0),
(1504, '心电康复病区', 'WARD_REH_01', 1201, '心血管内科', '7F', 4, 1, 0),
(1505, '居家监护病区', 'WARD_HOME_01', 1204, '居家心电管理中心', 'ONLINE', 5, 1, 0);

-- 3.2 房间表（5条）
-- ward_id/ward_name 与 sys_ward 对齐
INSERT INTO `sys_room`
(`room_id`, `ward_id`, `ward_name`, `room_no`, `room_type`, `bed_total`, `remark`, `sort_num`, `status`, `is_deleted`)
VALUES
(1601, 1501, '心内一病区', '401', 1, 2, '常规双人病房', 1, 1, 0),
(1602, 1502, '心内二病区', '501', 1, 2, '常规双人病房', 2, 1, 0),
(1603, 1503, '冠心监护病区', 'ICU01', 4, 1, '重症监护单间', 3, 1, 0),
(1604, 1504, '心电康复病区', '701', 2, 2, '康复观察病房', 4, 1, 0),
(1605, 1505, '居家监护病区', 'HOME01', 1, 2, '居家监护虚拟房间', 5, 1, 0);

-- 3.3 床位表（5条）
-- room_id + bed_no 保持唯一
-- bed_status 与 patient_info 入住情况保持一致
INSERT INTO `sys_bed`
(`bed_id`, `room_id`, `room_no`, `ward_id`, `bed_no`, `bed_type`, `bed_status`, `remark`, `sort_num`, `is_deleted`)
VALUES
(1701, 1601, '401', 1501, '1床', 1, 2, '已入住：张建国', 1, 0),
(1702, 1601, '401', 1501, '2床', 1, 2, '已入住：李秀兰', 2, 0),
(1703, 1602, '501', 1502, '1床', 1, 2, '已入住：王志强', 1, 0),
(1704, 1603, 'ICU01', 1503, 'ICU-01', 3, 2, '已入住：陈敏', 1, 0),
(1705, 1605, 'HOME01', 1505, 'HOME-01', 2, 1, '居家患者预留床位', 1, 0);

-- ============================================================================
-- 四、设备管理域数据
-- ============================================================================

-- 4.1 设备管理表（5条）
-- bind_dept_id 对应 sys_department 的病区/站点节点
INSERT INTO `ecg_device`
(`device_id`, `device_code`, `device_name`, `device_type`, `device_model`, `manufacturer`, `supplier`, `install_date`, `bind_dept_id`, `bind_dept_name`, `last_maintain_time`, `next_maintain_time`, `device_status`, `is_deleted`)
VALUES
(1801, 'DEV-ECG-12L-001', '十二导联心电图机', 1, 'ECG-1200', '迈瑞', '华南医疗', '2024-01-15', 1202, '心血管内科一病区', '2026-04-01', '2026-07-01', 1, 0),
(1802, 'DEV-HOLTER-001', '24小时动态心电记录仪', 2, 'Holter-X3', '理邦', '华南医疗', '2024-03-20', 1202, '心血管内科一病区', '2026-03-28', '2026-06-28', 1, 0),
(1803, 'DEV-BEDSIDE-001', '床旁心电采集终端', 4, 'BedECG-PRO', '鱼跃', '华中器械', '2024-08-10', 1203, '心血管内科二病区', '2026-04-05', '2026-07-05', 1, 0),
(1804, 'DEV-ICU-MON-001', 'ICU多参数监护仪', 4, 'ICU-M900', '迈瑞', '华中器械', '2025-01-12', 1203, '心血管内科二病区', '2026-03-15', '2026-06-15', 2, 0),
(1805, 'DEV-HOME-001', '居家可穿戴心电贴', 3, 'HomePatch-V2', '可孚', '远程医疗供应链', '2025-11-01', 1205, '居家监护一站', '2026-04-08', '2026-07-08', 1, 0);

-- 4.2 设备维护记录表（5条）
-- device_id/device_name 冗余字段与 ecg_device 对齐
-- maintain_user 指向设备工程师
INSERT INTO `ecg_device_maintain_record`
(`maintain_id`, `device_id`, `device_name`, `maintain_type`, `maintain_user_id`, `maintain_user_name`, `maintain_time`, `maintain_content`, `maintain_result`, `next_maintain_time`, `is_deleted`)
VALUES
(2701, 1801, '十二导联心电图机', '常规保养', 1305, '吴工程师', '2026-04-01', '清洁导联口并校准导联增益', '通过', '2026-07-01', 0),
(2702, 1802, '24小时动态心电记录仪', '计量校准', 1305, '吴工程师', '2026-03-28', '校准采样时钟与电压基线', '通过', '2026-06-28', 0),
(2703, 1803, '床旁心电采集终端', '常规保养', 1305, '吴工程师', '2026-04-05', '更新采集固件并巡检网络', '通过', '2026-07-05', 0),
(2704, 1804, 'ICU多参数监护仪', '故障维修', 1305, '吴工程师', '2026-03-15', '更换异常血氧模块，恢复监护', '已恢复使用', '2026-06-15', 0),
(2705, 1805, '居家可穿戴心电贴', '常规保养', 1305, '吴工程师', '2026-04-08', '更换电池包并升级蓝牙固件', '通过', '2026-07-08', 0);

-- 4.3 设备质控记录表（5条）
-- test_user 指向护士/工程师；设备状态与测试结果模拟真实场景
INSERT INTO `ecg_device_quality_control`
(`qc_id`, `device_id`, `device_name`, `dept_id`, `dept_name`, `test_time`, `test_type`, `test_user_id`, `test_user_name`, `device_status`, `test_result`, `remark`, `is_deleted`)
VALUES
(2801, 1801, '十二导联心电图机', 1202, '心血管内科一病区', '2026-04-18 07:30:00', '日检', 1304, '王护士', '正常', '通过', '波形基线稳定', 0),
(2802, 1802, '24小时动态心电记录仪', 1202, '心血管内科一病区', '2026-04-18 07:35:00', '日检', 1304, '王护士', '正常', '通过', '存储与上传链路正常', 0),
(2803, 1803, '床旁心电采集终端', 1203, '心血管内科二病区', '2026-04-18 07:40:00', '日检', 1305, '吴工程师', '正常', '通过', '终端网络时延在阈值内', 0),
(2804, 1804, 'ICU多参数监护仪', 1203, '心血管内科二病区', '2026-04-18 07:45:00', '周检', 1305, '吴工程师', '异常', '未通过', '已记录维修工单，待复检', 0),
(2805, 1805, '居家可穿戴心电贴', 1205, '居家监护一站', '2026-04-18 07:50:00', '远程检测', 1305, '吴工程师', '正常', '通过', '远程固件版本一致', 0);

-- ============================================================================
-- 五、患者管理域数据（5位患者）
-- ============================================================================

-- 5.1 患者主表（5条）
-- 规则说明：
-- A. 住院患者（patient_type=1）绑定 ward_id + bed_id
-- B. 居家患者（patient_type=3）可仅绑定 ward_id（居家病区），bed_id 为空
-- C. device_id 指向 ecg_device
INSERT INTO `patient_info`
(`patient_id`, `patient_name`, `gender`, `birth_date`, `age`, `id_card`, `inpatient_no`, `ward_id`, `bed_id`, `device_id`, `phone`, `admission_time`, `discharge_time`, `primary_diagnosis`, `risk_level`, `patient_type`, `patient_status`, `follow_up_status`, `ecg_count`, `latest_ecg_time`, `is_deleted`)
VALUES
(1901, '张建国', 1, '1959-03-12', 67, '110101********1201', 'ZY202604001', 1501, 1701, 1801, '138****0001', '2026-04-12 09:20:00', NULL, '冠状动脉粥样硬化性心脏病', 3, 1, 1, 0, 3, '2026-04-18 08:10:00', 0),
(1902, '李秀兰', 2, '1954-08-22', 72, '110102********4321', 'ZY202604002', 1501, 1702, 1802, '138****0002', '2026-04-13 10:10:00', NULL, '高血压伴心律失常', 2, 1, 1, 0, 2, '2026-04-18 08:25:00', 0),
(1903, '王志强', 1, '1968-01-15', 58, '110103********7788', 'ZY202604003', 1502, 1703, 1803, '138****0003', '2026-04-14 11:00:00', NULL, '稳定型心绞痛', 2, 1, 1, 0, 4, '2026-04-18 09:05:00', 0),
(1904, '陈敏', 2, '1977-11-03', 49, '110104********5566', 'ZY202604004', 1503, 1704, 1804, '138****0004', '2026-04-15 14:35:00', NULL, '急性冠脉综合征（监护中）', 4, 1, 1, 0, 5, '2026-04-18 09:40:00', 0),
(1905, '刘海燕', 2, '1963-06-28', 63, '110105********9900', 'HJ202604001', 1505, NULL, 1805, '138****0005', '2026-03-20 09:00:00', '2026-04-10 16:30:00', '阵发性房颤（居家随访）', 3, 3, 3, 1, 6, '2026-04-18 10:30:00', 0);

-- 5.2 患者随访记录表（5条）
-- 跟踪出院/居家患者，也可记录住院阶段重点回访
INSERT INTO `patient_follow_up_record`
(`follow_up_id`, `patient_id`, `patient_name`, `follow_up_user_id`, `follow_up_user_name`, `follow_up_time`, `follow_up_content`, `follow_up_result`, `next_follow_up_time`, `is_deleted`)
VALUES
(2001, 1901, '张建国', 1303, '陈医生', '2026-04-16 10:00:00', '评估夜间胸闷发作频次，复核药物依从性', '建议继续住院观察', '2026-04-19', 0),
(2002, 1902, '李秀兰', 1304, '王护士', '2026-04-16 15:30:00', '复测血压与心率，核对动态心电佩戴规范', '指标平稳', '2026-04-20', 0),
(2003, 1903, '王志强', 1303, '陈医生', '2026-04-17 09:20:00', '回访晨起胸痛情况', '偶发不适，建议复查心电', '2026-04-21', 0),
(2004, 1904, '陈敏', 1302, '孙主任', '2026-04-17 18:00:00', 'ICU会诊后调整抗心律失常方案', '维持监护治疗', '2026-04-19', 0),
(2005, 1905, '刘海燕', 1303, '陈医生', '2026-04-18 10:40:00', '居家远程视频随访，检查可穿戴设备黏贴情况', '建议继续居家监测并保持复诊', '2026-04-25', 0);

-- ============================================================================
-- 六、心电核心业务数据（5条主流程）
-- ============================================================================

-- 6.1 心电采集记录表（5条）
-- 核心一致性规则：
-- A. patient_id/patient_name/gender/age/inpatient_no 与 patient_info 快照一致
-- B. device_id/device_name 与 ecg_device 一致
-- C. report_status 与诊断报告表状态一致
INSERT INTO `ecg_collection_record`
(`record_id`, `ecg_no`, `patient_id`, `patient_name`, `gender`, `age`, `inpatient_no`, `dept_id`, `dept_name`, `bed_no`, `device_id`, `device_name`, `lead_count`, `collection_start_time`, `collection_end_time`, `sampling_rate`, `ecg_data_file_url`, `collection_duration`, `collection_type`, `upload_user_id`, `upload_user_name`, `upload_time`, `upload_source_file_url`, `record_status`, `ai_analysis_status`, `report_status`, `display_status`, `ai_conclusion_short`, `create_user_id`, `is_deleted`)
VALUES
(2101, 'ECG20260418001', 1901, '张建国', '男', 67, 'ZY202604001', 1501, '心内一病区', '1床', 1801, '十二导联心电图机', 12, '2026-04-18 08:00:00', '2026-04-18 08:10:00', 500, '/data/ecg/2026/04/18/ECG20260418001.dat', 600, 1, 1304, '王护士', '2026-04-18 08:12:00', '/upload/source/ECG20260418001.xml', 2, 2, 2, 2, '窦性心律，偶发室早', 1304, 0),
(2102, 'ECG20260418002', 1902, '李秀兰', '女', 72, 'ZY202604002', 1501, '心内一病区', '2床', 1802, '24小时动态心电记录仪', 12, '2026-04-18 08:15:00', '2026-04-18 08:25:00', 500, '/data/ecg/2026/04/18/ECG20260418002.dat', 600, 1, 1304, '王护士', '2026-04-18 08:28:00', '/upload/source/ECG20260418002.xml', 2, 2, 2, 2, '窦性心律，未见明显异常', 1304, 0),
(2103, 'ECG20260418003', 1903, '王志强', '男', 58, 'ZY202604003', 1502, '心内二病区', '1床', 1803, '床旁心电采集终端', 12, '2026-04-18 08:55:00', '2026-04-18 09:05:00', 500, '/data/ecg/2026/04/18/ECG20260418003.dat', 600, 1, 1304, '王护士', '2026-04-18 09:08:00', '/upload/source/ECG20260418003.xml', 2, 2, 1, 1, 'ST-T轻度改变', 1304, 0),
(2104, 'ECG20260418004', 1904, '陈敏', '女', 49, 'ZY202604004', 1503, '冠心监护病区', 'ICU-01', 1804, 'ICU多参数监护仪', 3, '2026-04-18 09:30:00', '2026-04-18 09:40:00', 250, '/data/ecg/2026/04/18/ECG20260418004.dat', 600, 3, 1304, '王护士', '2026-04-18 09:42:00', '/upload/source/ECG20260418004.xml', 2, 2, 3, 3, '室速风险，建议立即复核', 1304, 0),
(2105, 'ECG20260418005', 1905, '刘海燕', '女', 63, 'HJ202604001', 1505, '居家监护病区', 'HOME-01', 1805, '居家可穿戴心电贴', 1, '2026-04-18 10:20:00', '2026-04-18 10:30:00', 250, '/data/ecg/2026/04/18/ECG20260418005.dat', 600, 2, 1303, '陈医生', '2026-04-18 10:32:00', '/upload/source/ECG20260418005.xml', 2, 2, 2, 2, '房颤发作倾向，需持续观察', 1303, 0);

-- 6.2 AI诊断结果表（5条）
-- 与 ecg_collection_record 一一对应（record_id/ecg_no）
INSERT INTO `ecg_ai_diagnosis`
(`ai_diagnosis_id`, `diagnosis_no`, `record_id`, `ecg_no`, `patient_id`, `patient_name`, `gender`, `age`, `inpatient_no`, `dept_id`, `dept_name`, `ai_model_version`, `analysis_start_time`, `analysis_end_time`, `ai_conclusion`, `heart_rate`, `pr_interval`, `qrs_duration`, `qt_interval`, `qtc_interval`, `abnormal_type`, `abnormal_count`, `confidence`, `is_abnormal`, `abnormal_level`, `analysis_status`, `fail_reason`, `diagnosis_time`, `is_deleted`)
VALUES
(2201, 'DIAG20260418001', 2101, 'ECG20260418001', 1901, '张建国', '男', 67, 'ZY202604001', 1202, '心血管内科一病区', 'v3.2.1', '2026-04-18 08:10:05', '2026-04-18 08:10:20', '窦性心律，偶发室性早搏，建议结合临床复核', 88, 165, 98, 410, 435, '室性早搏', 3, 92.40, 1, 2, 2, NULL, '2026-04-18 08:10:20', 0),
(2202, 'DIAG20260418002', 2102, 'ECG20260418002', 1902, '李秀兰', '女', 72, 'ZY202604002', 1202, '心血管内科一病区', 'v3.2.1', '2026-04-18 08:25:05', '2026-04-18 08:25:18', '窦性心律，未见明显异常波形', 76, 170, 92, 402, 426, NULL, 0, 97.10, 0, 0, 2, NULL, '2026-04-18 08:25:18', 0),
(2203, 'DIAG20260418003', 2103, 'ECG20260418003', 1903, '王志强', '男', 58, 'ZY202604003', 1203, '心血管内科二病区', 'v3.2.1', '2026-04-18 09:05:05', '2026-04-18 09:05:24', '窦性心律，ST-T轻度改变，建议动态复查', 82, 162, 96, 408, 430, 'ST-T改变', 1, 90.60, 1, 1, 2, NULL, '2026-04-18 09:05:24', 0),
(2204, 'DIAG20260418004', 2104, 'ECG20260418004', 1904, '陈敏', '女', 49, 'ZY202604004', 1203, '心血管内科二病区', 'v3.2.1', '2026-04-18 09:40:05', '2026-04-18 09:40:28', '疑似室速风险，建议立即人工复判并持续监护', 126, 150, 122, 430, 468, '室性心动过速风险', 5, 88.20, 1, 3, 2, NULL, '2026-04-18 09:40:28', 0),
(2205, 'DIAG20260418005', 2105, 'ECG20260418005', 1905, '刘海燕', '女', 63, 'HJ202604001', 1205, '居家监护一站', 'v3.2.1', '2026-04-18 10:30:05', '2026-04-18 10:30:22', '阵发性房颤发作倾向，建议继续居家监测并复诊', 110, 158, 104, 418, 448, '房颤发作', 2, 90.30, 1, 2, 2, NULL, '2026-04-18 10:30:22', 0);

-- 6.3 诊断报告表（5条）
-- report_status 与 ecg_collection_record.report_status 对齐：
-- 2=审核通过，1=待审核，3=已驳回
INSERT INTO `ecg_diagnosis_report`
(`report_id`, `report_no`, `record_id`, `ai_diagnosis_id`, `patient_id`, `patient_name`, `gender`, `age`, `inpatient_no`, `collection_time`, `ai_conclusion`, `doctor_diagnosis`, `doctor_suggestion`, `report_create_doctor_id`, `report_create_doctor_name`, `report_create_time`, `audit_doctor_id`, `audit_doctor_name`, `audit_time`, `audit_opinion`, `report_status`, `report_file_url`, `is_deleted`)
VALUES
(2301, 'REP20260418001', 2101, 2201, 1901, '张建国', '男', 67, 'ZY202604001', '2026-04-18 08:00:00', '窦性心律，偶发室性早搏，建议结合临床复核', '偶发室早，继续药物治疗并复查', '建议48小时后复查心电', 1303, '陈医生', '2026-04-18 08:20:00', 1302, '孙主任', '2026-04-18 08:45:00', '同意诊断意见', 2, '/report/pdf/REP20260418001.pdf', 0),
(2302, 'REP20260418002', 2102, 2202, 1902, '李秀兰', '女', 72, 'ZY202604002', '2026-04-18 08:15:00', '窦性心律，未见明显异常波形', '当前未见高危异常，建议常规监测', '维持现有方案，关注血压波动', 1303, '陈医生', '2026-04-18 08:35:00', 1302, '孙主任', '2026-04-18 09:00:00', '审核通过', 2, '/report/pdf/REP20260418002.pdf', 0),
(2303, 'REP20260418003', 2103, 2203, 1903, '王志强', '男', 58, 'ZY202604003', '2026-04-18 08:55:00', '窦性心律，ST-T轻度改变，建议动态复查', 'ST-T轻度异常，建议连续动态观察', '计划24小时内追加复查', 1303, '陈医生', '2026-04-18 09:22:00', NULL, NULL, NULL, NULL, 1, '/report/pdf/REP20260418003.pdf', 0),
(2304, 'REP20260418004', 2104, 2204, 1904, '陈敏', '女', 49, 'ZY202604004', '2026-04-18 09:30:00', '疑似室速风险，建议立即人工复判并持续监护', '疑似室速，高危，需持续监护', '建议立即优化抗心律失常方案', 1303, '陈医生', '2026-04-18 10:00:00', 1302, '孙主任', '2026-04-18 10:40:00', '结论描述需补充诱因分析，暂不通过', 3, '/report/pdf/REP20260418004.pdf', 0),
(2305, 'REP20260418005', 2105, 2205, 1905, '刘海燕', '女', 63, 'HJ202604001', '2026-04-18 10:20:00', '阵发性房颤发作倾向，建议继续居家监测并复诊', '阵发性房颤倾向，建议门诊随访', '继续佩戴设备并按时上传数据', 1303, '陈医生', '2026-04-18 10:45:00', 1302, '孙主任', '2026-04-18 11:10:00', '审核通过，注意复诊依从性', 2, '/report/pdf/REP20260418005.pdf', 0);

-- ============================================================================
-- 七、预警监护域数据
-- ============================================================================

-- 7.1 异常预警表（5条）
-- 说明：
-- A. 1/3/4/5号为AI或监护触发的在管预警
-- B. 2号为低危波动，已忽略，便于测试“忽略态”
INSERT INTO `ecg_abnormal_warning`
(`warning_id`, `record_id`, `ai_diagnosis_id`, `patient_id`, `patient_name`, `gender`, `age`, `inpatient_no`, `dept_id`, `dept_name`, `bed_no`, `warning_time`, `warning_type`, `warning_level`, `warning_desc`, `handle_status`, `handle_user_id`, `handle_user_name`, `handle_time`, `handle_opinion`, `is_deleted`)
VALUES
(2401, 2101, 2201, 1901, '张建国', '男', 67, 'ZY202604001', 1501, '心内一病区', '1床', '2026-04-18 08:11:00', '室性早搏增多', 2, '连续3次捕获室性早搏，建议人工复核', 3, 1303, '陈医生', '2026-04-18 08:30:00', '已处理，继续观察', 0),
(2402, 2102, 2202, 1902, '李秀兰', '女', 72, 'ZY202604002', 1501, '心内一病区', '2床', '2026-04-18 08:40:00', '短暂心率升高', 1, '心率短时升至105，复测恢复正常', 4, 1304, '王护士', '2026-04-18 08:45:00', '复测正常，标记忽略', 0),
(2403, 2103, 2203, 1903, '王志强', '男', 58, 'ZY202604003', 1502, '心内二病区', '1床', '2026-04-18 09:06:00', 'ST段轻度异常', 1, '建议结合症状及后续动态心电继续观察', 1, NULL, NULL, NULL, NULL, 0),
(2404, 2104, 2204, 1904, '陈敏', '女', 49, 'ZY202604004', 1503, '冠心监护病区', 'ICU-01', '2026-04-18 09:41:00', '室性心动过速风险', 3, 'AI判定高危，已进入持续监护流程', 2, 1302, '孙主任', '2026-04-18 09:50:00', '处理中，等待二次复核结果', 0),
(2405, 2105, 2205, 1905, '刘海燕', '女', 63, 'HJ202604001', 1505, '居家监护病区', 'HOME-01', '2026-04-18 10:31:00', '房颤发作倾向', 2, '居家监护设备连续触发异常节律报警', 0, NULL, NULL, NULL, NULL, 0);

-- 7.2 实时监护表（5条 修复完成）
INSERT INTO `ecg_real_time_monitor`
(`monitor_id`, `patient_id`, `patient_name`, `dept_id`, `dept_name`, `bed_no`, `device_id`, `device_name`, `current_heart_rate`, `monitor_status`, `is_abnormal`, `warning_level`, `is_key_monitor`, `latest_update_time`, `is_deleted`)
VALUES
(2501, 1901, '张建国', 1501, '心内一病区', '1床', 1801, '十二导联心电图机', 86, 1, 0, 0, 0, '2026-04-18 11:55:00', 0),
(2502, 1902, '李秀兰', 1501, '心内一病区', '2床', 1802, '24小时动态心电记录仪', 92, 2, 1, 1, 1, '2026-04-18 11:56:00', 0),
(2503, 1903, '王志强', 1502, '心内二病区', '1床', 1803, '床旁心电采集终端', 80, 1, 0, 0, 0, '2026-04-18 11:57:00', 0),
(2504, 1904, '陈敏', 1503, '冠心监护病区', 'ICU-01', 1804, 'ICU多参数监护仪', 128, 2, 1, 3, 1, '2026-04-18 11:58:00', 0),
(2505, 1905, '刘海燕', 1505, '居家监护病区', 'HOME-01', 1805, '居家可穿戴心电贴', 112, 2, 1, 2, 1, '2026-04-18 11:59:00', 0);

-- ============================================================================
-- 八、统计分析域数据（5条）
-- ============================================================================

-- 统计口径与当前样本联动：
-- 心电测量统计：5条采集，1条正常，4条异常
-- 预警统计：5条预警，1条高危，2条已处理（含忽略）
-- 报告统计：5份报告，3份通过，1份待审核，1份驳回
INSERT INTO `ecg_statistics_result`
(`stat_id`, `stat_date`, `stat_type`, `stat_dimension`, `dept_id`, `dept_name`, `stat_value1`, `stat_value2`, `stat_value3`, `stat_value4`, `stat_extra`)
VALUES
(2601, '2026-04-18', 1, 1, 1201, '心血管内科', 5, 1, 4, 0.00, '{"desc":"心电测量统计：总5，正常1，异常4"}'),
(2602, '2026-04-18', 2, 1, 1201, '心血管内科', 5, 1, 2, 18.50, '{"desc":"预警统计：总5，高危1，已处理2"}'),
(2603, '2026-04-18', 3, 1, 1201, '心血管内科', 5, 3, 1, 42.00, '{"desc":"报告统计：总5，通过3，驳回1"}'),
(2604, '2026-04-18', 4, 1, NULL, NULL, 5, 0, 0, 94.60, '{"desc":"AI准确率统计：样本5，准确率94.60%"}'),
(2605, '2026-04-18', 6, 1, 1201, '心血管内科', 5, 4, 1, 80.00, '{"desc":"设备使用统计：设备5，正常4，维修1"}');

COMMIT;
SET FOREIGN_KEY_CHECKS = 1;

-- ============================================================================
-- 九、联调验证建议（可选执行）
-- ============================================================================
-- 1) 验证患者与床位一致性：
-- SELECT p.patient_name, p.ward_id, p.bed_id, b.bed_no, b.bed_status
-- FROM patient_info p LEFT JOIN sys_bed b ON p.bed_id = b.bed_id;
--
-- 2) 验证采集-诊断-报告状态联动：
-- SELECT c.ecg_no, c.report_status AS c_report, r.report_status AS r_report, c.display_status
-- FROM ecg_collection_record c
-- LEFT JOIN ecg_diagnosis_report r ON c.record_id = r.record_id
-- ORDER BY c.ecg_no;
--
-- 3) 验证异常预警来源与处理闭环：
-- SELECT w.warning_id, w.patient_name, w.warning_level, w.handle_status, w.handle_user_name
-- FROM ecg_abnormal_warning w
-- ORDER BY w.warning_time;